energy_per_atom,forces_norm,stress_norm
-0.05026013404130936,56.483387,22.440874
