target,predicted_value,mp_mean,mp_std,percentile,test_R2
energy_per_atom,-6.173658847808838,-6.746500401784784,1.468482853454409,72.2,0.36458297960248065
formation_energy_per_atom,0.11475326865911484,-1.0634826256852483,0.7472580794515327,95.0,0.8441661047509594
band_gap,2.251830816268921,2.6860554000000003,1.7599505689850612,37.0,0.34395467714363115
density,0.7940722107887268,2.47027676677911,1.048287070970411,0.4,0.4792007406886931
volume,2794.237060546875,765.9479571112608,621.5698167834497,98.2,0.6564950473146143
